Workbook

Sheet Resumen
A1: Costo estimado del ejercicio de clasificación de avisos
A2: 48 panorámicas 360° · 13–14 octubre 2026 · estimación a partir de tokens medidos y conteo de llamadas
A4: Concepto | B4: USD
A5: Anthropic (Claude Haiku 5.5) | B5: =Corridas!I12 -> 1.4210551
A6: OpenAI (Decisions API) | B6: =Corridas!J12 -> 2.1074925
A7: Total APIs | B7: =Corridas!K12 -> 3.5285476
A8: de lo cual: corrida útil (entrega) | B8: =Corridas!K14 -> 0.99402283
A9: de lo cual: pruebas, errores y repeticiones | B9: =Corridas!K15 -> 2.5345248
A10: Segmentación SAM 3 (local en el Mac) | B10: 0
A11: Lote nuevo de 48 imágenes con la configuración actual | B11: =Escenarios!D9 -> 0.99402283
A13: Por qué cada aviso consume tantos tokens
A14: 1. Cada aviso se envía con 15 imágenes: 13 ejemplos de referencia + el recorte + una ventana de contexto. Las imágenes pesan mucho más que el texto.
A15: 2. La ventana de contexto se envía grande (hasta 1568 px): ~3,100 tokens por aviso.
A16: 3. Se clasificó con dos proveedores a la vez para compararlos, así que cada aviso se pagó dos veces.
A17: 4. Hubo 5 corridas además de la final: una se descartó por un bug y otra procesó 1,345 objetos antes de agregar el filtro de tamaño.
A18: 5. No incluye el uso de Claude Code (esta conversación), que se cobra aparte según el plan.
A19: Dato exacto: consola de Anthropic (console.anthropic.com → Usage) y de OpenAI (platform.openai.com → Usage).

Sheet Supuestos
A1: Supuestos y mediciones
A2: Celdas en azul = datos de entrada (se pueden editar). Todo lo demás se calcula.
A4: Parámetro | B4: Valor | C4: Unidad | D4: Fuente / nota
A5: Precio Haiku 5.5 · entrada | B5: 0.1 | C5: USD por millón de tokens | D5: Precio de lista Anthropic (prompts ≤100K tokens)
A6: Precio Haiku 5.5 · salida | B6: 0.5 | C6: USD por millón de tokens | D6: Precio de lista Anthropic
A7: Multiplicador lectura de caché | B7: 0.1 | C7: × precio entrada | D7: Supuesto: multiplicador estándar de caché de Anthropic
A8: Multiplicador escritura de caché | B8: 1.25 | C8: × precio entrada | D8: Supuesto: multiplicador estándar de caché de Anthropic
A9: Precio OpenAI Decisions · entrada | B9: 0.1 | C9: USD por millón de tokens | D9: developers.openai.com/api/docs/guides/decisions (no cobra salida)
A10: Haiku · tokens de entrada sin caché por aviso | B10: 3861 | C10: tokens | D10: Medido 14-oct-2026 con una llamada real (usage.input_tokens)
A11: Haiku · tokens en caché por aviso (ejemplos) | B11: 7687 | C11: tokens | D11: Medido 14-oct-2026 (usage.cache_read_input_tokens)
A12: Haiku · tokens de salida por aviso (esfuerzo low) | B12: 135 | C12: tokens | D12: Medido 14-oct-2026: 139 y 128 tokens en 2 llamadas
A13: Multiplicador de salida con esfuerzo medium | B13: 3 | C13: × | D13: Supuesto: más razonamiento; solo afecta la prueba de 120 avisos
A14: Escrituras de caché por corrida | B14: 8 | C14: llamadas | D14: Supuesto: 8 llamadas en paralelo al inicio de cada corrida escriben la caché
A15: OpenAI · tokens de entrada por aviso | B15: 8655 | C15: tokens | D15: Medido 14-oct-2026 con una llamada real (usage.input_tokens); OpenAI no cacheó
A17: Costo por aviso
A18: Haiku (con caché, esfuerzo low) | B18: =(Supuestos!$B$10*Supuestos!$B$5+Supuestos!$B$11*Supuestos!$B$5*Supuestos!$B$7+Supuestos!$B$12*Supuestos!$B$6)/1000000 -> 0.00053047 | C18: USD
A19: Haiku (sin caché) | B19: =((Supuestos!$B$10+Supuestos!$B$11)*Supuestos!$B$5+Supuestos!$B$12*Supuestos!$B$6)/1000000 -> 0.0012223 | C19: USD
A20: OpenAI Decisions | B20: =Supuestos!$B$15*Supuestos!$B$9/1000000 -> 0.0008655 | C20: USD
A21: Escritura de caché Haiku (costo extra por corrida) | B21: =Supuestos!$B$14*Supuestos!$B$11*Supuestos!$B$5*(Supuestos!$B$8-Supuestos!$B$7)/1000000 -> 0.00707204 | C21: USD

Sheet Corridas
A1: Costo por corrida
A2: Avisos = objetos enviados a clasificar en esa corrida. 1 = se usó ese clasificador, 0 = no.
A4: Corrida | B4: Propósito | C4: Avisos | D4: Usa Haiku | E4: Usa OpenAI | F4: Mult. salida Haiku | G4: Llamadas Haiku | H4: Llamadas OpenAI | I4: Costo Haiku (USD) | J4: Costo OpenAI (USD) | K4: Costo total (USD) | L4: ¿Útil para la entrega?
A5: Prueba inicial L6_070 | B5: Validar el flujo con 1 imagen | C5: 10 | D5: 1 | E5: 1 | F5: 1 | G5: =C5*D5 -> 10 | H5: =C5*E5 -> 10 | I5: =G5*Supuestos!$B$18+G5*Supuestos!$B$12*(F5-1)*Supuestos!$B$6/1000000+D5*Supuestos!$B$21 -> 0.01237674 | J5: =H5*Supuestos!$B$20 -> 0.008655 | K5: =I5+J5 -> 0.02103174 | L5: No
A6: Lote 1 (bug SAM 3) | B6: Primer lote completo; se descartó por un bug de detección | C6: 252 | D6: 1 | E6: 1 | F6: 1 | G6: =C6*D6 -> 252 | H6: =C6*E6 -> 252 | I6: =G6*Supuestos!$B$18+G6*Supuestos!$B$12*(F6-1)*Supuestos!$B$6/1000000+D6*Supuestos!$B$21 -> 0.14075048 | J6: =H6*Supuestos!$B$20 -> 0.218106 | K6: =I6+J6 -> 0.35885648 | L6: No
A7: Lote 2 sin filtro | B7: Lote completo corregido, sin filtro de tamaño (incluía manchas) | C7: 1345 | D7: 1 | E7: 1 | F7: 1 | G7: =C7*D7 -> 1345 | H7: =C7*E7 -> 1345 | I7: =G7*Supuestos!$B$18+G7*Supuestos!$B$12*(F7-1)*Supuestos!$B$6/1000000+D7*Supuestos!$B$21 -> 0.72055419 | J7: =H7*Supuestos!$B$20 -> 1.1640975 | K7: =I7+J7 -> 1.8846517 | L7: No
A8: Prueba reglas nuevas | B8: Probar filtro y reglas de Dudoso en 4 imágenes | C8: 120 | D8: 1 | E8: 1 | F8: 1 | G8: =C8*D8 -> 120 | H8: =C8*E8 -> 120 | I8: =G8*Supuestos!$B$18+G8*Supuestos!$B$12*(F8-1)*Supuestos!$B$6/1000000+D8*Supuestos!$B$21 -> 0.07072844 | J8: =H8*Supuestos!$B$20 -> 0.10386 | K8: =I8+J8 -> 0.17458844 | L8: No
A9: Prueba Haiku medium | B9: Comparar esfuerzo low vs medium | C9: 120 | D9: 1 | E9: 0 | F9: =Supuestos!$B$13 -> 3 | G9: =C9*D9 -> 120 | H9: =C9*E9 -> 0 | I9: =G9*Supuestos!$B$18+G9*Supuestos!$B$12*(F9-1)*Supuestos!$B$6/1000000+D9*Supuestos!$B$21 -> 0.08692844 | J9: =H9*Supuestos!$B$20 -> 0 | K9: =I9+J9 -> 0.08692844 | L9: No
A10: Reclasificación final | B10: Resultado entregado (output_v2 / entrega) | C10: 707 | D10: 1 | E10: 1 | F10: 1 | G10: =C10*D10 -> 707 | H10: =C10*E10 -> 707 | I10: =G10*Supuestos!$B$18+G10*Supuestos!$B$12*(F10-1)*Supuestos!$B$6/1000000+D10*Supuestos!$B$21 -> 0.38211433 | J10: =H10*Supuestos!$B$20 -> 0.6119085 | K10: =I10+J10 -> 0.99402283 | L10: Sí
A11: Medición de tokens | B11: Llamadas para este cálculo de costos | C11: 1 | D11: 1 | E11: 1 | F11: 1 | G11: =C11*D11 -> 1 | H11: =C11*E11 -> 1 | I11: =G11*Supuestos!$B$18+G11*Supuestos!$B$12*(F11-1)*Supuestos!$B$6/1000000+D11*Supuestos!$B$21 -> 0.00760251 | J11: =H11*Supuestos!$B$20 -> 0.0008655 | K11: =I11+J11 -> 0.00846801 | L11: No
A12: TOTAL | C12: =SUM(C5:C11) -> 2555 | G12: =SUM(G5:G11) -> 2555 | H12: =SUM(H5:H11) -> 2435 | I12: =SUM(I5:I11) -> 1.4210551 | J12: =SUM(J5:J11) -> 2.1074925 | K12: =SUM(K5:K11) -> 3.5285476
A14: Costo de corridas útiles para la entrega | K14: =SUMIF(L5:L11,"Sí",K5:K11) -> 0.99402283
A15: Costo de pruebas, errores y repeticiones | K15: =SUMIF(L5:L11,"No",K5:K11) -> 2.5345248
A16: % del gasto que fue aprendizaje / pruebas | K16: =IFERROR(K15/K12,0) -> 0.71829123

Sheet Tokens por llamada
A1: ¿De dónde salen los tokens de cada aviso?
A2: Medido con la API de conteo de tokens de Anthropic (gratuita) sobre un aviso real (L6_078 #0). Una imagen cuesta aprox. ancho×alto/750 tokens.
A4: Componente | B4: Tokens | C4: % del total | D4: ¿Se cachea en Haiku? | E4: Comentario
A5: 13 imágenes de ejemplo de referencia | B5: 6672 | C5: =B5/$B$9 -> 0.59854669 | D5: Sí | E5: Se repiten idénticas en cada llamada. En Haiku se cobran al 10 %; en OpenAI se cobran completas.
A6: Imagen de contexto (2494×2495 px → reducida a 1568 px) | B6: 3139 | C6: =B6/$B$9 -> 0.28160043 | D6: No | E6: La más pesada: ventana 4× el tamaño del aviso, mínimo 1200 px.
A7: Criterios, reglas y pregunta (texto) | B7: 1027 | C7: =B7/$B$9 -> 0.092132412 | D7: Parcial | E7: El texto del sistema entra en la caché; la pregunta no.
A8: Recorte del aviso (936×244 px en este ejemplo) | B8: 309 | C8: =B8/$B$9 -> 0.027720463 | D8: No | E8: Varía con el tamaño del aviso.
A9: TOTAL por aviso (Haiku) | B9: =SUM(B5:B8) -> 11147 | C9: =SUM(C5:C8) -> 1
A11: Comparación: un mensaje de texto típico | B11: 300 | E11: Supuesto: una pregunta corta de chat ronda 100–500 tokens.
A12: Veces más tokens que un mensaje de texto | B12: =B9/B11 -> 37.156667
A14: Total de tokens procesados en el ejercicio
A15: Haiku (entrada, incl. caché) | B15: =Corridas!G12*(Supuestos!$B$10+Supuestos!$B$11) -> 29505140
A16: OpenAI (entrada) | B16: =Corridas!H12*Supuestos!$B$15 -> 21074925
A17: Total | B17: =B15+B16 -> 50580065

Sheet Escenarios
A1: ¿Cuánto cuesta procesar un lote nuevo de 48 panorámicas?
A2: Supone ~707 avisos por lote (como la reclasificación final). Ahorros de tokens aproximados.
A4: Avisos por lote | B4: 707
A5: Tokens de la imagen de contexto si se reduce a 768 px | B5: =ROUND(768*768/750,0) -> 786 | C5: Hoy usa 3,139 tokens (ver hoja Tokens por llamada)
A6: Ahorro por aviso al reducir el contexto | B6: ='Tokens por llamada'!B6-B5 -> 2353
A8: Escenario | B8: Costo Haiku (USD) | C8: Costo OpenAI (USD) | D8: Total por lote (USD) | E8: Costo por aviso (USD) | F8: Nota
A9: Configuración actual (Haiku + OpenAI) | B9: =$B$4*Supuestos!$B$18+Supuestos!$B$21 -> 0.38211433 | C9: =$B$4*Supuestos!$B$20 -> 0.6119085 | D9: =B9+C9 -> 0.99402283 | E9: =IFERROR(D9/$B$4,0) -> 0.0014059729 | F9: Lo que se usó para la entrega
A10: Solo Haiku | B10: =$B$4*Supuestos!$B$18+Supuestos!$B$21 -> 0.38211433 | C10: =0 -> 0 | D10: =B10+C10 -> 0.38211433 | E10: =IFERROR(D10/$B$4,0) -> 0.00054047289 | F10: Haiku fue el mejor clasificador individual
A11: Actual + contexto reducido a 768 px | B11: =$B$4*(Supuestos!$B$18-$B$6*Supuestos!$B$5/1000000)+Supuestos!$B$21 -> 0.21575723 | C11: =$B$4*(Supuestos!$B$15-$B$6)*Supuestos!$B$9/1000000 -> 0.4455514 | D11: =B11+C11 -> 0.66130863 | E11: =IFERROR(D11/$B$4,0) -> 0.00093537289 | F11: Hay que validar que no baje la precisión
A12: Solo Haiku + contexto 768 px | B12: =$B$4*(Supuestos!$B$18-$B$6*Supuestos!$B$5/1000000)+Supuestos!$B$21 -> 0.21575723 | C12: =0 -> 0 | D12: =B12+C12 -> 0.21575723 | E12: =IFERROR(D12/$B$4,0) -> 0.00030517289 | F12: El más barato
A13: Actual sin caché en Haiku (referencia) | B13: =$B$4*Supuestos!$B$19 -> 0.8641661 | C13: =$B$4*Supuestos!$B$20 -> 0.6119085 | D13: =B13+C13 -> 1.4760746 | E13: =IFERROR(D13/$B$4,0) -> 0.0020878 | F13: Muestra cuánto ahorra la caché
